type,name,module,path,hash
"yaml","manifest","_config","_config/manifest.yaml","1676320f686af3b67abe3bbf17c479134a3926e429b6104b3d24e7c7e39c50da"
"csv","documentation-requirements","bmm","bmm/1-analysis/bmad-document-project/documentation-requirements.csv","efc91d54787939a2dd2c22400e6b9b6f58835a741ea557e8971b5b333ce666e8"
"csv","domain-complexity","bmm","bmm/3-solutioning/bmad-create-architecture/data/domain-complexity.csv","e3d5b01acfdfd9b69d708c7e27f74f4e7366ed72bba16a401ad84a1690711336"
"csv","module-help","bmm","bmm/module-help.csv","465e04729c993b341519e621fd095d768791aa55edba15e52f0c52ae2fe84404"
"csv","project-types","bmm","bmm/3-solutioning/bmad-create-architecture/data/project-types.csv","a2ae4c8f0b8f2dcfe8d6b71588e79dcfa209b54abb51e83382c483dc8a8f1683"
"html","validation-report-template","bmm","bmm/2-plan-workflows/bmad-prd/assets/validation-report-template.html","e52ca6affee703ce3c7ca0abff9afa51d7c37b9803acdb5052be919348a6beaa"
"html","validation-report-template","bmm","bmm/2-plan-workflows/bmad-ux/assets/validation-report-template.html","429f4a7e5acf189409518cc6782e833dd30a89e83cd4821b89ae731bfa01c8b1"
"json","bmad-manifest","bmm","bmm/1-analysis/bmad-prfaq/bmad-manifest.json","82cd1a4ef4c8ee2ec9520cc66e8ea485b1a6373f6eb0537ccd1d6c7c6380f295"
"json","project-scan-report-schema","bmm","bmm/1-analysis/bmad-document-project/templates/project-scan-report-schema.json","771e1c446307bc429d7704950bc7b84b053f951560a41786157544cc542ba9eb"
"md","architecture-decision-template","bmm","bmm/3-solutioning/bmad-create-architecture/architecture-decision-template.md","3ee60feb64da70751a2cd4af5aa4792d528b5f2d178894974aa4e1a700a3bb2a"
"md","artifact-analyzer","bmm","bmm/1-analysis/bmad-prfaq/agents/artifact-analyzer.md","44d342a041a2143ff1e1fc19cb0debc5b7e56b92dd29a26b33834bff30249e85"
"md","brief-template","bmm","bmm/1-analysis/bmad-product-brief/assets/brief-template.md","afe1cca8293c3efc7339a9bc562bda43db84b7653cb8bf7872dcd8543afd94d8"
"md","case-file-template","bmm","bmm/4-implementation/bmad-investigate/references/case-file-template.md","45c0b5592dc9469bf991be31d9d11c112ea801647bdd61c83f07bcb5cb5ce754"
"md","checklist","bmm","bmm/1-analysis/bmad-document-project/checklist.md","3b6856939315f71dc3ecc5a098c961fdc9f3615d3a032f0bc3dad565ac17bc38"
"md","checklist","bmm","bmm/4-implementation/bmad-correct-course/checklist.md","93b788cba72feb78f46c69590b985bedc623fe0f873d928012f75f9e083d8327"
"md","checklist","bmm","bmm/4-implementation/bmad-create-story/checklist.md","857eca22066cd80f2116cdef29a894113d0772de97df230fc269fddb2d25a1c7"
"md","checklist","bmm","bmm/4-implementation/bmad-dev-story/checklist.md","277b5b2157d37162ed6eb1b4cdfe08bb4100fe719994a8ac8d019339a458995b"
"md","checklist","bmm","bmm/4-implementation/bmad-qa-generate-e2e-tests/checklist.md","3be8258747d56c98605844cdeaa975be096093f13593de2c9fb0131d1a1c40ca"
"md","checklist","bmm","bmm/4-implementation/bmad-sprint-planning/checklist.md","cc4f8e9411dbf9e644333790f867d74027aae3721cbc7f11d574536bf903a0aa"
"md","color-themes","bmm","bmm/2-plan-workflows/bmad-ux/assets/color-themes.md","0cb1741d8f1c252c96c7035a5e63dba57622aee8e0932d0f4511a29112c81b29"
"md","compile-epic-context","bmm","bmm/4-implementation/bmad-quick-dev/compile-epic-context.md","b02345c6be80db6e429384bb108f3cb66547622edde43d42c498283322633dc3"
"md","creative-tools","bmm","bmm/2-plan-workflows/bmad-ux/references/creative-tools.md","dedd666acfe27d2a4d1b9a6571b082dd6e75ad11379111a7023be19cc1f8bb46"
"md","customer-faq","bmm","bmm/1-analysis/bmad-prfaq/references/customer-faq.md","41019fb027ebd56872c6ac666c26f475513494a807ea28883ca3b3faf273af7c"
"md","deep-dive-instructions","bmm","bmm/1-analysis/bmad-document-project/workflows/deep-dive-instructions.md","1af461a6a9531447f1b1d926245e24004c5773c57330ce7c04cadac68c209001"
"md","deep-dive-template","bmm","bmm/1-analysis/bmad-document-project/templates/deep-dive-template.md","2d098bb425f58d1d49ab5c6b7c1a8c92af9271d281bacafe000fed059a1a206d"
"md","deep-dive-workflow","bmm","bmm/1-analysis/bmad-document-project/workflows/deep-dive-workflow.md","ac41d0f14005a6caa44836af3cc818bb07dda240a4e85e28ce32b69601e91246"
"md","design-directions","bmm","bmm/2-plan-workflows/bmad-ux/assets/design-directions.md","1169c251de626eed2238fa9f8c18ace5577691c2a8ec7f8d6373eec4a8bc3856"
"md","design-example-editorial","bmm","bmm/2-plan-workflows/bmad-ux/assets/design-example-editorial.md","ed10853ff4e43d044423fbaf5b24741db714354c3b314a5e0dc7163d556d4ff3"
"md","design-example-mobile","bmm","bmm/2-plan-workflows/bmad-ux/assets/design-example-mobile.md","bae5ddfe11c4b55c3134cbd567d4fc810fea389475eb3605fedd96124fe33b13"
"md","design-example-shadcn","bmm","bmm/2-plan-workflows/bmad-ux/assets/design-example-shadcn.md","ba189df9538b87b6fc7023be22e734c86ba97178de52e2b37a9527a9c82ebfcc"
"md","design-md-spec","bmm","bmm/2-plan-workflows/bmad-ux/references/design-md-spec.md","034015963ae97a0bff286ed17f8beb39fc97496a81b91fd4d446df3cf64419f0"
"md","discover-inputs","bmm","bmm/4-implementation/bmad-create-story/discover-inputs.md","19c9b1d6635fc013c8ce62c266cb72314206beb832e397b9b6c17c94df697ac1"
"md","epics-template","bmm","bmm/3-solutioning/bmad-create-epics-and-stories/templates/epics-template.md","d758d8118dc83dd92196c7f154dc9f1a1b07c1b56c731d0fda91f344352abfda"
"md","excalidraw-wireframe","bmm","bmm/2-plan-workflows/bmad-ux/assets/excalidraw-wireframe.md","e59663e39d4ece59ef1009ed332889be535317f5ea2f51b382747f61cdba4ca0"
"md","experience-example-mobile","bmm","bmm/2-plan-workflows/bmad-ux/assets/experience-example-mobile.md","55551a226425849ce317d795a78cd15103bcbc65ee7bddf92a1c6fc12c466e8b"
"md","experience-example-shadcn","bmm","bmm/2-plan-workflows/bmad-ux/assets/experience-example-shadcn.md","6bea729b3619cdd806005fc63c8910caf551c9367b9a00b45db277ae7f7e296f"
"md","explain-concept","bmm","bmm/1-analysis/bmad-agent-tech-writer/explain-concept.md","f9406f0372e600449fafc235202b61c9f4c385f84f9fbd16fc1b9890596ea1c1"
"md","full-scan-instructions","bmm","bmm/1-analysis/bmad-document-project/workflows/full-scan-instructions.md","f28755a33da2a1de2d61cd7309757abcdf2b1a8f4ba95b0caa647e290292a4c3"
"md","full-scan-workflow","bmm","bmm/1-analysis/bmad-document-project/workflows/full-scan-workflow.md","ecff2e4a9471a64cea457bf0298fd36f234f1bad89ec8ade305d673af3b724f3"
"md","generate-trail","bmm","bmm/4-implementation/bmad-checkpoint-preview/generate-trail.md","22f0871297d7a79a6418e095067f1eb5fb64e912c06a2c74630b5daff2619c2c"
"md","headless","bmm","bmm/2-plan-workflows/bmad-prd/references/headless.md","de84fdb2bfc9af6e64ba03b359072cfd6a8082dc844ab4a728f7cc0693461037"
"md","headless","bmm","bmm/2-plan-workflows/bmad-ux/references/headless.md","f6060ba4e9ebf8d914a4c371735ad9772eb2e5a0f21a57b3f03707a36275de7b"
"md","headless-schemas","bmm","bmm/2-plan-workflows/bmad-prd/assets/headless-schemas.md","9f653ac738d319174516f7409adedf70f75472e62a1fb3487e6f156943956894"
"md","headless-schemas","bmm","bmm/2-plan-workflows/bmad-ux/assets/headless-schemas.md","c02908da23ef406a730169f87bdaf41ccd4eeac4399890c40752a7ea391bf750"
"md","index-template","bmm","bmm/1-analysis/bmad-document-project/templates/index-template.md","0e077c2d9d9ccb149a64ed82e67914d90571e23696687cf7a08ac5f2a8b18306"
"md","instructions","bmm","bmm/1-analysis/bmad-document-project/instructions.md","1d0cd062277e1a11bf87bdb3d2c67740f5dc2363e14d40c0d5373e0b6d2af92b"
"md","internal-faq","bmm","bmm/1-analysis/bmad-prfaq/references/internal-faq.md","6ef930c6a945870b4dbd6f12b88e0ea51423087982f589957b604d784b091a20"
"md","key-screens","bmm","bmm/2-plan-workflows/bmad-ux/assets/key-screens.md","3fdb74968b99bbb65bcc13ba08c24be70c03addbac0d98ac49a21e8d714db788"
"md","mermaid-gen","bmm","bmm/1-analysis/bmad-agent-tech-writer/mermaid-gen.md","f1af20cff1ddb4294f1b671eebcb80ebe515278e57ff53c4886798ba97b9f6c4"
"md","prd-template","bmm","bmm/2-plan-workflows/bmad-prd/assets/prd-template.md","283798b2a9d1a9a3e07ab6e2dc55d36e64746b6e7ffdb1b9854dde994189a549"
"md","prd-validation-checklist","bmm","bmm/2-plan-workflows/bmad-prd/assets/prd-validation-checklist.md","7192bc5e73d0e602085b3728e9e645326cbed022220e4574d9d0a7cbd246d3ee"
"md","press-release","bmm","bmm/1-analysis/bmad-prfaq/references/press-release.md","bfe73d617b0b756360c7c9d187354c9bea2d47278aad3db17f3ad2296b9520f7"
"md","prfaq-template","bmm","bmm/1-analysis/bmad-prfaq/assets/prfaq-template.md","6d4913f8d12fcb4d48508ece462e6f102262c1da66df0ac26274a69fb747385e"
"md","project-context-template","bmm","bmm/3-solutioning/bmad-generate-project-context/project-context-template.md","9fc198ae90a30c2555fb4d8c8b5ec463ceca03bdae80a2d48f4b623b1e65e7a6"
"md","project-overview-template","bmm","bmm/1-analysis/bmad-document-project/templates/project-overview-template.md","fd1ae5724b19829feb79245b5249c3ebf3cee30d07776939d87c7563e5bf76fd"
"md","readiness-report-template","bmm","bmm/3-solutioning/bmad-check-implementation-readiness/templates/readiness-report-template.md","79e63524734308aca3ff4c40fdfaf87521bcea2e94ad0583b47d15915d800733"
"md","research.template","bmm","bmm/1-analysis/research/bmad-domain-research/research.template.md","94f97bc59c113d947c6f2e1166095e1eebd8aadffb03d4bd188aeec9e51366d6"
"md","research.template","bmm","bmm/1-analysis/research/bmad-market-research/research.template.md","94f97bc59c113d947c6f2e1166095e1eebd8aadffb03d4bd188aeec9e51366d6"
"md","research.template","bmm","bmm/1-analysis/research/bmad-technical-research/research.template.md","94f97bc59c113d947c6f2e1166095e1eebd8aadffb03d4bd188aeec9e51366d6"
"md","SKILL","bmm","bmm/1-analysis/bmad-agent-analyst/SKILL.md","0bad1e5d0d470f40f0e523f235340844758a6967038454d115061e5107a78eaa"
"md","SKILL","bmm","bmm/1-analysis/bmad-agent-tech-writer/SKILL.md","4b1ea923c3a71d0a3b1bc63166505e96997273ab5488211e035027e3550e56ba"
"md","SKILL","bmm","bmm/1-analysis/bmad-document-project/SKILL.md","0dfea14eb6a5dfc2e14043111a15b6e466d26aaea30c01aec8e2c9ddd2771afa"
"md","SKILL","bmm","bmm/1-analysis/bmad-prfaq/SKILL.md","065039bec005394a6c6741cecfc2732849c7cecc7b1fd3e9113108a9b7b5db7e"
"md","SKILL","bmm","bmm/1-analysis/bmad-product-brief/SKILL.md","95b67f5923b971761029b34b8d2161a4ea09daac2ac45279e9a79c1e5edcb24b"
"md","SKILL","bmm","bmm/1-analysis/research/bmad-domain-research/SKILL.md","7b6f642ee6c52441b80cfe7643d730f78737c7e39393fb584a90a2dce97931d8"
"md","SKILL","bmm","bmm/1-analysis/research/bmad-market-research/SKILL.md","f283ea22ed6ae91fd3c1e1115222299f249560006214a7755a73421874ef72e8"
"md","SKILL","bmm","bmm/1-analysis/research/bmad-technical-research/SKILL.md","dbe773c702d3056ebe1a7fb1146044291d2ca1b62c1007855f3a9a4dd49b648c"
"md","SKILL","bmm","bmm/2-plan-workflows/bmad-agent-pm/SKILL.md","e5c25e2cd40af7f4ce2050a053dbf5b50a166e5b3b630bc8e2667132dd63add6"
"md","SKILL","bmm","bmm/2-plan-workflows/bmad-agent-ux-designer/SKILL.md","0fa60c2ff3a1a1491d903f56703daee11d681cd3a7e86de14e9a8ffc74e73259"
"md","SKILL","bmm","bmm/2-plan-workflows/bmad-create-prd/SKILL.md","7a45c6b36a067b26c0ca515068ccd57a7116fab0397c3a8f061c5ab2ae12a648"
"md","SKILL","bmm","bmm/2-plan-workflows/bmad-edit-prd/SKILL.md","76a9191a52b1482d2bf1438d2e79521786110ce5cf468cd8eff87244fa9ef593"
"md","SKILL","bmm","bmm/2-plan-workflows/bmad-prd/SKILL.md","77b2a0f6227f34130bb5bccd8fd8a3cfc1bf4fdf2d80f1b7f044aa17b56839df"
"md","SKILL","bmm","bmm/2-plan-workflows/bmad-ux/SKILL.md","9d042a9f7dd732a8cb1597fd9ccb1d51369b9b86db6b59867e0d975ee30e3ab3"
"md","SKILL","bmm","bmm/2-plan-workflows/bmad-validate-prd/SKILL.md","0febd1f2681efef57e19ca7c9c7dc6b68e6cf061b8bc2f2d76a9d8a19249a511"
"md","SKILL","bmm","bmm/3-solutioning/bmad-agent-architect/SKILL.md","968d2d9f692a32e77247d10f70a0463c400883d4232e4d924185b79f7ad953f9"
"md","SKILL","bmm","bmm/3-solutioning/bmad-check-implementation-readiness/SKILL.md","cdc4c3d0151f4db9ac1aeb5d73a3cf25f77fad19ab95cfba40206bd3544eaf4d"
"md","SKILL","bmm","bmm/3-solutioning/bmad-create-architecture/SKILL.md","61823ad079d16479023a4fccae757bd46923daf6d50a4c75d1794fda76b080e8"
"md","SKILL","bmm","bmm/3-solutioning/bmad-create-epics-and-stories/SKILL.md","3f5270aef50d589bfaec5c1e6be1c1763bc0b41093727619d0ec9ebcee10ec76"
"md","SKILL","bmm","bmm/3-solutioning/bmad-generate-project-context/SKILL.md","bc1122c1bf6fb2a9a38de17eebbb3b7a302e967d0436659cea8415b6e98b180d"
"md","SKILL","bmm","bmm/4-implementation/bmad-agent-dev/SKILL.md","855ffd90e597dd6ee9fa92960c09502a7dc82c876b6865d123dcaaf3911260cd"
"md","SKILL","bmm","bmm/4-implementation/bmad-checkpoint-preview/SKILL.md","9c58480a0b8b8503973784e6076d9902193b706f23f27269fb8a04144701a0de"
"md","SKILL","bmm","bmm/4-implementation/bmad-code-review/SKILL.md","c617d9055cd4bde9b30fa36ef1778409a5295460ad6272982a417e038ff31146"
"md","SKILL","bmm","bmm/4-implementation/bmad-correct-course/SKILL.md","184f344c0e57e8a8c9f3f7dc0a0ed60cb2e7447611409582851d97e355c29bf0"
"md","SKILL","bmm","bmm/4-implementation/bmad-create-story/SKILL.md","8db44a3d58e3a7967acdbc86c6c6e4dc6bc2c11a1717db5af1702cdd0b748b0d"
"md","SKILL","bmm","bmm/4-implementation/bmad-dev-story/SKILL.md","dd0854e6b42af353a63083336343df4301293bfc78d307403a0854a4cb482bda"
"md","SKILL","bmm","bmm/4-implementation/bmad-investigate/SKILL.md","428f23032d89759bdd6a32a4dcddd2367b05dc67c131f036121cecccbb94c53d"
"md","SKILL","bmm","bmm/4-implementation/bmad-qa-generate-e2e-tests/SKILL.md","e2ab92632bbc2964fa50124b48eae1b418fcb450262480a23feba5ac4bbdb5f0"
"md","SKILL","bmm","bmm/4-implementation/bmad-quick-dev/SKILL.md","b3fd571289023328d71fb172434432a897ae5048711782d41a4b0e6cdd2af2a5"
"md","SKILL","bmm","bmm/4-implementation/bmad-retrospective/SKILL.md","2577eb375b1ca6e016e76765e11b70f4f70ed455aabba577f9ae132646c32cb9"
"md","SKILL","bmm","bmm/4-implementation/bmad-sprint-planning/SKILL.md","9a18a25d8352526464089bb62a42131295899c91cd44338cc4f0fb4b596fd024"
"md","SKILL","bmm","bmm/4-implementation/bmad-sprint-status/SKILL.md","54a2d9e6120cfacda7aa39b90621da219d347ede9997c8861347ae08c272d56e"
"md","source-tree-template","bmm","bmm/1-analysis/bmad-document-project/templates/source-tree-template.md","f0094b1e0a9770c8c408b86f978b660c253fe99affcf2b67e1cf7aa9b40e74cb"
"md","spec-template","bmm","bmm/4-implementation/bmad-quick-dev/spec-template.md","487c3f3452077635d1232b77d9deae5e777b07d33ed95421b1e97740a0105c73"
"md","step-01-clarify-and-route","bmm","bmm/4-implementation/bmad-quick-dev/step-01-clarify-and-route.md","4b97ae77da087dad53987bb88c31c201404ead3df139ffb9a732d57ebb35c089"
"md","step-01-discover","bmm","bmm/3-solutioning/bmad-generate-project-context/steps/step-01-discover.md","ca5ef1ee1d263c22266e6a55320f8649bf287046fb56882e6da91721756f4160"
"md","step-01-document-discovery","bmm","bmm/3-solutioning/bmad-check-implementation-readiness/steps/step-01-document-discovery.md","7f5a079d4efc9fe60f955312bb0c082d95e04ecfd6ff38d5c02e214b3ebb5eb0"
"md","step-01-gather-context","bmm","bmm/4-implementation/bmad-code-review/steps/step-01-gather-context.md","9a3847b4e9f5ed9b5452f48023a63266b3438ad2c03661e25f3eae19e64831f0"
"md","step-01-init","bmm","bmm/1-analysis/research/bmad-domain-research/domain-steps/step-01-init.md","44142daf99a33168304433a497722b5bce2f4954f24151792a53b686c7199d32"
"md","step-01-init","bmm","bmm/1-analysis/research/bmad-market-research/steps/step-01-init.md","838fac2f8db8339290390f281e0b0cf6ea4af30f70045df00ce48c6d9745cbb0"
"md","step-01-init","bmm","bmm/1-analysis/research/bmad-technical-research/technical-steps/step-01-init.md","6388e11f3569404fa5fde2045329ecdb21e4e04647578d8536ce28dced74e7b9"
"md","step-01-init","bmm","bmm/3-solutioning/bmad-create-architecture/steps/step-01-init.md","4fe0bfaa88cb607dd449099e5ec45935cbdfd992dff5a185c50500bc59db6090"
"md","step-01-orientation","bmm","bmm/4-implementation/bmad-checkpoint-preview/step-01-orientation.md","b0db21dcc9fab52326125816fd5acbd2e000690c441556e4d27edd92d94b0cda"
"md","step-01-validate-prerequisites","bmm","bmm/3-solutioning/bmad-create-epics-and-stories/steps/step-01-validate-prerequisites.md","42ac40198223c7f35118a143e6472feecec7627a74094662fd3095da2aef0d89"
"md","step-01b-continue","bmm","bmm/3-solutioning/bmad-create-architecture/steps/step-01b-continue.md","50bd4fa6cde1eed6b7f1dbdd5930c16efea425e9a4e39c4d4c5b2db40c451146"
"md","step-02-context","bmm","bmm/3-solutioning/bmad-create-architecture/steps/step-02-context.md","39077aff30be57a21b3b5adacdafc8e0ed8700dd3d90d641431ab38eeb0ba2fc"
"md","step-02-customer-behavior","bmm","bmm/1-analysis/research/bmad-market-research/steps/step-02-customer-behavior.md","6505a6ff06559880555be60aa366b576abab50501fac7105c0be5772d0c129a7"
"md","step-02-design-epics","bmm","bmm/3-solutioning/bmad-create-epics-and-stories/steps/step-02-design-epics.md","78e9d1618975a32070eaa582f293ecaa7c6f82164bc23fd39ac3ce4b85c9e9db"
"md","step-02-domain-analysis","bmm","bmm/1-analysis/research/bmad-domain-research/domain-steps/step-02-domain-analysis.md","6ddcb85f91923d5e1eb393570b9e6652438d0e0b09d1af4d51a5934dd9a058a1"
"md","step-02-generate","bmm","bmm/3-solutioning/bmad-generate-project-context/steps/step-02-generate.md","5e7a177f86c723b81903a85bc94f70c1a1eaf84b50f8d3b2bacf19d8f83c5d73"
"md","step-02-plan","bmm","bmm/4-implementation/bmad-quick-dev/step-02-plan.md","b24978d17800e786695168d8054f90f9a54def36f6e49c674a621c90c5db501a"
"md","step-02-prd-analysis","bmm","bmm/3-solutioning/bmad-check-implementation-readiness/steps/step-02-prd-analysis.md","4eb6415c80413377a2ec1ae09643eecfe5511d0e1240c6a72cf39b1c79e9d070"
"md","step-02-review","bmm","bmm/4-implementation/bmad-code-review/steps/step-02-review.md","0626170e7a59bb60c57181ab41bcff59c8402ea75f427d6905118e6b9750ae4f"
"md","step-02-technical-overview","bmm","bmm/1-analysis/research/bmad-technical-research/technical-steps/step-02-technical-overview.md","8af97eedf71389a2f24679637d11fda25e18c1da24cb272f2d842185b5f27253"
"md","step-02-walkthrough","bmm","bmm/4-implementation/bmad-checkpoint-preview/step-02-walkthrough.md","e6b4d15f860a43133ab4300dd3eb3cc349617918a1731a38e0278a9fb7122566"
"md","step-03-competitive-landscape","bmm","bmm/1-analysis/research/bmad-domain-research/domain-steps/step-03-competitive-landscape.md","d76c3425fc5e1c79b712948c863e84d1ecea86c07731dedc204301142b5156bc"
"md","step-03-complete","bmm","bmm/3-solutioning/bmad-generate-project-context/steps/step-03-complete.md","8f497ace87ac8be5a229883627f4b30bc406b18b327a3968873006a74d0d36c2"
"md","step-03-create-stories","bmm","bmm/3-solutioning/bmad-create-epics-and-stories/steps/step-03-create-stories.md","ba717ef72db102a3ff9c9f29d2719d923891fe38fc6283762663af4f3deacf82"
"md","step-03-customer-pain-points","bmm","bmm/1-analysis/research/bmad-market-research/steps/step-03-customer-pain-points.md","c3d97327b3e1c7abfdf52da0795dded7c0fd925a14260451b89dd2b58a162720"
"md","step-03-detail-pass","bmm","bmm/4-implementation/bmad-checkpoint-preview/step-03-detail-pass.md","a600082776e0b6badace8ef9a4e5b06ba357db34537fffb92a163db9c4c90736"
"md","step-03-epic-coverage-validation","bmm","bmm/3-solutioning/bmad-check-implementation-readiness/steps/step-03-epic-coverage-validation.md","dc5732d598c3d6a1cc1ed19614956bc143d654443a4e68ce1b6d1b419a8d1513"
"md","step-03-implement","bmm","bmm/4-implementation/bmad-quick-dev/step-03-implement.md","88d95ac3c7fea6ba9a77ed4407722b1a23bc24ae1f4475ce30d1bf5660919c81"
"md","step-03-integration-patterns","bmm","bmm/1-analysis/research/bmad-technical-research/technical-steps/step-03-integration-patterns.md","9ef884e969891334e0d23c1aec301fac5021f39f02fbc518cc0237c1dafe6669"
"md","step-03-starter","bmm","bmm/3-solutioning/bmad-create-architecture/steps/step-03-starter.md","f400105bd1bae1d5980c666b3c9cc60da304f8b50c6568481f93c424f687b684"
"md","step-03-triage","bmm","bmm/4-implementation/bmad-code-review/steps/step-03-triage.md","fe0004375a1e5bfaa12b3de8e845053ae2542245b767169833101d453b363485"
"md","step-04-architectural-patterns","bmm","bmm/1-analysis/research/bmad-technical-research/technical-steps/step-04-architectural-patterns.md","d25b25ec7131e85d5163990b0914c7e85d209d51fa365788d27cc1b7bba0f3b4"
"md","step-04-customer-decisions","bmm","bmm/1-analysis/research/bmad-market-research/steps/step-04-customer-decisions.md","3b9dc743dc2523e71bfcc2770c2aa63109f50773eb7b4f04de5fe357376004d9"
"md","step-04-decisions","bmm","bmm/3-solutioning/bmad-create-architecture/steps/step-04-decisions.md","41716cf92eb2460d4ca785aad330af3fb41b8ca410b766041df42b5e2bcfbffb"
"md","step-04-final-validation","bmm","bmm/3-solutioning/bmad-create-epics-and-stories/steps/step-04-final-validation.md","300450ca56b41f14893a4f7652a8c6d3595c7ebdc08f4c973bed30207e32d95e"
"md","step-04-present","bmm","bmm/4-implementation/bmad-code-review/steps/step-04-present.md","4cb1433149f0c408cff976fdcdf92f13a067490b5d4703c64aaefcf6eea10fd1"
"md","step-04-regulatory-focus","bmm","bmm/1-analysis/research/bmad-domain-research/domain-steps/step-04-regulatory-focus.md","1febd5dc0218a4df066fac5b021ff7388604492eeeb304b4100f7edd6225a471"
"md","step-04-review","bmm","bmm/4-implementation/bmad-quick-dev/step-04-review.md","63afa2cbd8ee736c0c0813c5deba28d942b0a668570cf81d2a0b079c32edd7ba"
"md","step-04-testing","bmm","bmm/4-implementation/bmad-checkpoint-preview/step-04-testing.md","f48f6549ce52bdf7e5193f74f3b122305ebb36b16fc24d3fc688aa625e12b0cd"
"md","step-04-ux-alignment","bmm","bmm/3-solutioning/bmad-check-implementation-readiness/steps/step-04-ux-alignment.md","fe4459ad78f35fc687272234ab1f33b2d28cbfcdee691b069bdecb52ea79176a"
"md","step-05-competitive-analysis","bmm","bmm/1-analysis/research/bmad-market-research/steps/step-05-competitive-analysis.md","055340f07da2ee26ffb0e17f2d626fd84e362f28c34d9dcfd92a88f7ab3b0117"
"md","step-05-epic-quality-review","bmm","bmm/3-solutioning/bmad-check-implementation-readiness/steps/step-05-epic-quality-review.md","df21f43456bf88f742d88676f394cf80bcd0447ad6aa5b47ce2c1e47da79fe6c"
"md","step-05-implementation-research","bmm","bmm/1-analysis/research/bmad-technical-research/technical-steps/step-05-implementation-research.md","2043d85f69967dab7d753583bbd7ec31a072018381dce88a10b49cdc54492b43"
"md","step-05-patterns","bmm","bmm/3-solutioning/bmad-create-architecture/steps/step-05-patterns.md","ec2d7579aacb6c0d8db51235b6cdada3276f289f3bb8bf17fae7a5b03f37f3ce"
"md","step-05-present","bmm","bmm/4-implementation/bmad-quick-dev/step-05-present.md","fda340fc6f5d935fabeefa770bc5d66a4c44ef5e0928acb56b1f90a560a423ab"
"md","step-05-technical-trends","bmm","bmm/1-analysis/research/bmad-domain-research/domain-steps/step-05-technical-trends.md","afe1a7f2771a197e55e5205007ed25e83774cbaed215089092f6a166a1147a58"
"md","step-05-wrapup","bmm","bmm/4-implementation/bmad-checkpoint-preview/step-05-wrapup.md","8c9972d1d5fe2ed811bd86e5f158980bc1059e0e4b662c973ee59cb11cd9f8fd"
"md","step-06-final-assessment","bmm","bmm/3-solutioning/bmad-check-implementation-readiness/steps/step-06-final-assessment.md","e82924053a4cc35a3c2bc0e00ec46eaa5942e0f8275e855ecc4e815728d49316"
"md","step-06-research-completion","bmm","bmm/1-analysis/research/bmad-market-research/steps/step-06-research-completion.md","511fac360e18513f0cf7da39f610b5c63499aeaec08778aaa9df87d0691750ab"
"md","step-06-research-synthesis","bmm","bmm/1-analysis/research/bmad-domain-research/domain-steps/step-06-research-synthesis.md","d1c35b1f1cc9c46ea28acd59efa93277dab989e910a83cb5437b3ba6e97e668e"
"md","step-06-research-synthesis","bmm","bmm/1-analysis/research/bmad-technical-research/technical-steps/step-06-research-synthesis.md","66cf4393666c64ac874ee55fc719a0cf02bfe1162e1bd1fe697dd6d078ab06f5"
"md","step-06-structure","bmm","bmm/3-solutioning/bmad-create-architecture/steps/step-06-structure.md","716b78ac868b27d4f236d7f20c4a022b22ed727aa1d3286357b0af0798e4d196"
"md","step-07-validation","bmm","bmm/3-solutioning/bmad-create-architecture/steps/step-07-validation.md","3ac7eb78afa1b2a1fb6ea6bfa6f8e6fa023b6de37d05b8a15a9d4af2fedc9999"
"md","step-08-complete","bmm","bmm/3-solutioning/bmad-create-architecture/steps/step-08-complete.md","da9a854c0377ad9be2fd43f5aab033dcbaba9d91bd3aada044d2ec3bddb791ec"
"md","step-oneshot","bmm","bmm/4-implementation/bmad-quick-dev/step-oneshot.md","a67666579aa5c68234b5a74594d528036981b9c76405c607cd47b8c6543c2832"
"md","sync-sprint-status","bmm","bmm/4-implementation/bmad-quick-dev/sync-sprint-status.md","f1ce35a6415f7795e4b7c88acacb003732077bbcba9b4f4c86c54a7c77a99a60"
"md","template","bmm","bmm/4-implementation/bmad-create-story/template.md","31c35d74f9c84250b0b3574ca02c3041b243342e365e1c190a2d27b9971e9aab"
"md","validate","bmm","bmm/2-plan-workflows/bmad-prd/references/validate.md","97c8d59e7fc296ce9ea329883e9f96e546581fbf483b1629e4f6305dc06c992d"
"md","validate","bmm","bmm/2-plan-workflows/bmad-ux/references/validate.md","f1bc672129a5282941c45a0937d72d67e022964da0521cb20f0cf6c795a856ff"
"md","validate-doc","bmm","bmm/1-analysis/bmad-agent-tech-writer/validate-doc.md","e34d390365d4c09bed23c263cde030a42acf054a71146295a8fb602208ac9ea8"
"md","verdict","bmm","bmm/1-analysis/bmad-prfaq/references/verdict.md","a4b08cc6f4ca308e2abec13d7a8ad3080773de00a4cac867fe789b01b0dc5ea1"
"md","web-researcher","bmm","bmm/1-analysis/bmad-prfaq/agents/web-researcher.md","8b530a75744f72f4d189bb8634c00daeb97aec02aab2daa63df3d4814b27e3b9"
"md","write-document","bmm","bmm/1-analysis/bmad-agent-tech-writer/write-document.md","ac49869cbeaa4f7e8fa4d6bcebff3280d06678931c57e504e1f9ce8977875667"
"toml","customize","bmm","bmm/1-analysis/bmad-agent-analyst/customize.toml","de94873b4a3cc426f99e31b17de267215a0d51df0779da7b52435ed1a965c8d5"
"toml","customize","bmm","bmm/1-analysis/bmad-agent-tech-writer/customize.toml","9b7d62e5cde047ca96ad90fc3f2ebcc1a87a7c0e2c69065ecf84839accda1e02"
"toml","customize","bmm","bmm/1-analysis/bmad-document-project/customize.toml","f8b3b5c279829457e71a76e36861b0a0c31bb688f38c3e9cd5b0fb4571495b1a"
"toml","customize","bmm","bmm/1-analysis/bmad-prfaq/customize.toml","c7605f1a24a3f5b1a65012d53397118ad6951bcf6b6c58c40cc52aa43a1fecbf"
"toml","customize","bmm","bmm/1-analysis/bmad-product-brief/customize.toml","ec50d086e9c0e18e74752a27c27f7ee0c57e54791c2d61b5535f42c697695b90"
"toml","customize","bmm","bmm/1-analysis/research/bmad-domain-research/customize.toml","d897c0adfae76d3530aef8fbfc5a726ef5cd9d0d14c6e71693cee3d4587f8284"
"toml","customize","bmm","bmm/1-analysis/research/bmad-market-research/customize.toml","a890cc32ef7ed60a78f1332fcb6d31d6755057938fa0cd55609693c4c5fab251"
"toml","customize","bmm","bmm/1-analysis/research/bmad-technical-research/customize.toml","e473b08d96568d69486347144a3d48590a2c3d4eb1e6850e5f5ccefc680fac39"
"toml","customize","bmm","bmm/2-plan-workflows/bmad-agent-pm/customize.toml","ecd379c1d519e58b74eeb5df3435c5c9918ec9850c36855fefa2a2ea3fff4c8a"
"toml","customize","bmm","bmm/2-plan-workflows/bmad-agent-ux-designer/customize.toml","ccd5ecae46e3fa97b1690f50c4cab14dd82c99bfa657e416edb7449a42b2dd9b"
"toml","customize","bmm","bmm/2-plan-workflows/bmad-create-prd/customize.toml","192469c6300b8c089312b87bfa943d3c865244bdb268366264367226d82fd287"
"toml","customize","bmm","bmm/2-plan-workflows/bmad-edit-prd/customize.toml","b423dd3d6f84236ae2bb56a4a084af79722a4ac438015e1af3675961851b7028"
"toml","customize","bmm","bmm/2-plan-workflows/bmad-prd/customize.toml","5b2f885c20e546f70289241a9ed519785228fd04ac119fdc1f1178a793d4d9b4"
"toml","customize","bmm","bmm/2-plan-workflows/bmad-ux/customize.toml","3fad1d83c4e9cf029549b3ea18ab27eb6afb05bc5f4a0d2d87bd5e2358089e52"
"toml","customize","bmm","bmm/2-plan-workflows/bmad-validate-prd/customize.toml","28d83b50ff91bc5882184d8dca311ee7ccfe3324e9e4da23c111e445721f9174"
"toml","customize","bmm","bmm/3-solutioning/bmad-agent-architect/customize.toml","6af8ef1dbfc5509144c47bf3b647764a541f51c0afcfe8e60c37cd0ade908364"
"toml","customize","bmm","bmm/3-solutioning/bmad-check-implementation-readiness/customize.toml","5d99c84d40d4b1f0472e3b965d8c555516685fe2d8b6e5c45a0d4e61846de157"
"toml","customize","bmm","bmm/3-solutioning/bmad-create-architecture/customize.toml","f2373d99329b4e88a83c47c2f6930368b7d26a48696b89128605ed3b50e3810a"
"toml","customize","bmm","bmm/3-solutioning/bmad-create-epics-and-stories/customize.toml","1ca9a9d83c183754e53eb16a20ebb190338ed757354a930d992e9d3288055220"
"toml","customize","bmm","bmm/3-solutioning/bmad-generate-project-context/customize.toml","272ad15cbc9a07d0c2118ed6314edfa758775f66ac32af372a3bb5d73523cfc8"
"toml","customize","bmm","bmm/4-implementation/bmad-agent-dev/customize.toml","6f67ecccba6f3dec27a8bfd1ba1ffd9d6ad406627625f18da35e0578ce8cbb44"
"toml","customize","bmm","bmm/4-implementation/bmad-checkpoint-preview/customize.toml","d6759284a9b42a82e7c9fe84823f73f0ce4c417b8a2398e52aea5aad5b078b08"
"toml","customize","bmm","bmm/4-implementation/bmad-code-review/customize.toml","f0f233c95cee1727a4ac118827487dbe1fc21eaf202155114a46cc799ff7a91f"
"toml","customize","bmm","bmm/4-implementation/bmad-correct-course/customize.toml","81274521d39a2107c377d8c628db565f584d62fbf5493e506a7bdfd53207f37a"
"toml","customize","bmm","bmm/4-implementation/bmad-create-story/customize.toml","f9901294c67dcba04c35b7e8d1b3bce71ebb1bd87b071153ef35bbbf867b5a58"
"toml","customize","bmm","bmm/4-implementation/bmad-dev-story/customize.toml","fba7237e4dc8177f260eba099d8a150151d404e5ca152700ce76b54060526690"
"toml","customize","bmm","bmm/4-implementation/bmad-investigate/customize.toml","9e870cc92102e4df18f0f781568459ae66432259d2c009a8add42207bba13208"
"toml","customize","bmm","bmm/4-implementation/bmad-qa-generate-e2e-tests/customize.toml","2ccfed324d4ce44ab0488d84e4efd36b436f44d94329913d9025ac0a0f8f90f5"
"toml","customize","bmm","bmm/4-implementation/bmad-quick-dev/customize.toml","1afbf2aa30b7b64ef54f270c653bc0fc8cfc6b819d35b4ff55c160b8759e6c66"
"toml","customize","bmm","bmm/4-implementation/bmad-retrospective/customize.toml","38643d96c35543c3035bcfd51dab72cdb59a3d4d154779d57fa29d7d988fcfab"
"toml","customize","bmm","bmm/4-implementation/bmad-sprint-planning/customize.toml","7f6c2cfe1f26c1812546d54aa5af5fe0f2b4c74b9c2f58c9a68c86cb2f0b133c"
"toml","customize","bmm","bmm/4-implementation/bmad-sprint-status/customize.toml","33bcb55e2e66bfa21b369605e6fc61003566763540d7583b50184ee6a09590fd"
"yaml","config","bmm","bmm/config.yaml","7eef38885c3b9ffa5bf26eff7ad4c0db59712e605c24a2b5e60799d3cbe19bd2"
"yaml","sprint-status-template","bmm","bmm/4-implementation/bmad-sprint-planning/sprint-status-template.yaml","e4708569a6ef55e4349e48b0f77400ce04d91b877b16a59c57d1d73e3825d2b8"
"toml","config","config.toml","config.toml","a79936a5ab9514a0c66532c2da37973218325f1a98dd15d984e2a7698a74456e"
"toml","config.user","config.user.toml","config.user.toml","c5b2e5b6ffaef7b0909ba26b93d8b0f78318540ccb15059702dd412d40d7a6ee"
"csv","brain-methods","core","core/bmad-brainstorming/brain-methods.csv","ac6b25211f30e35d0f6390f165d4a68abb66a4553bae039a7162f4e6dd3594d2"
"csv","methods","core","core/bmad-advanced-elicitation/methods.csv","5919c987bd12404753cdb21a534619422903210bbb8430da0f91364c36e48b53"
"csv","module-help","core","core/module-help.csv","89322fdae59674479b43f5980b737fafde771d5d80e14a74a5ab11e80fa82285"
"md","compression-rules","core","core/bmad-distillator/resources/compression-rules.md","b2d3fed2d5001c32bd24b2f574e1ebfdb93905e7ce37c7472278779008285a96"
"md","distillate-compressor","core","core/bmad-distillator/agents/distillate-compressor.md","a33ade79aa77ad6ee4362c2caa61a5e06ac9e73e283067f0492b5d6eda578968"
"md","distillate-format-reference","core","core/bmad-distillator/resources/distillate-format-reference.md","52c50d9f80cfe783f21ba3dea21ceabc20e65427af973a4ce162c617c510d190"
"md","round-trip-reconstructor","core","core/bmad-distillator/agents/round-trip-reconstructor.md","715d0bf7d3ff6b6de59e2bdf4ed37c7b94bdea81888a4367fdb50ef470040102"
"md","SKILL","core","core/bmad-advanced-elicitation/SKILL.md","691cff425ed7ce094b0a15e1b028380a7fbdb493d2643f961a64f1dfef02afa5"
"md","SKILL","core","core/bmad-brainstorming/SKILL.md","9ff6039bc5c8e27d6f025a7841a7b81c124f39f8fe35207d17582b8dd7ef4f33"
"md","SKILL","core","core/bmad-customize/SKILL.md","640e97c7909138e1257bdcd78631f7d8c1700aef6282d80b5abfc236e66de286"
"md","SKILL","core","core/bmad-distillator/SKILL.md","23df018b83d20ba4121db0118de88ec6f3b9905eca3930726cb86989fe52075f"
"md","SKILL","core","core/bmad-editorial-review-prose/SKILL.md","fcd192fdac73e74f54f5da50644a9e06628e4414e5f7ff1819941c68c5cd681c"
"md","SKILL","core","core/bmad-editorial-review-structure/SKILL.md","6cfd75127bbf2dcefb45ed0b943692be8963259f4ee49138bc6104b38ac65c9f"
"md","SKILL","core","core/bmad-help/SKILL.md","858ef2c61398bd5d291577e2a29b38160e43f913517ca1a50ef157c2f4df3773"
"md","SKILL","core","core/bmad-index-docs/SKILL.md","c119b940091cadc8b984af1f87190faa35019201c6cca10f8027d6d57fc4568a"
"md","SKILL","core","core/bmad-party-mode/SKILL.md","99e9f6cbf292a8ed8b9a30dd1771e8c8fea67afd1d5febefcf4d1b6fd5e95882"
"md","SKILL","core","core/bmad-review-adversarial-general/SKILL.md","4ba0a2743d77a14c9832b58531c34ce2403fcc3b26f4262c30adbfac3df85ccb"
"md","SKILL","core","core/bmad-review-edge-case-hunter/SKILL.md","4387e5dc46070f3fc4dfd24916f26550c21d5826051613d815fe07f80fe52547"
"md","SKILL","core","core/bmad-shard-doc/SKILL.md","53ca6978c921a08a866163e0b9397ca2a7aeef6525d1b03dec2fbaeaa330fabb"
"md","splitting-strategy","core","core/bmad-distillator/resources/splitting-strategy.md","475ea858d8f4680c703c9eec660b2d30625a5fccb35075289e1f5cb13bb17e20"
"md","step-01-session-setup","core","core/bmad-brainstorming/steps/step-01-session-setup.md","9f5bc497f2623e551e90f922eaff107f4b8663b4ef80da5b8ff930e353b180d2"
"md","step-01b-continue","core","core/bmad-brainstorming/steps/step-01b-continue.md","a2a93a60f7fbc04f17f44d6d3eaeb656cc3a1ca56d6e2d373ff9bea7554d19ce"
"md","step-02a-user-selected","core","core/bmad-brainstorming/steps/step-02a-user-selected.md","e4dfa9225e34705176f15d985de0eea5dd82bbfa28927f77fe0539d4bce55768"
"md","step-02b-ai-recommended","core","core/bmad-brainstorming/steps/step-02b-ai-recommended.md","8413174bb5b59b1c7243cac1cc4823d6e710ca924690ce76ac0f5875ae0af7fa"
"md","step-02c-random-selection","core","core/bmad-brainstorming/steps/step-02c-random-selection.md","5d862d7b85961cb87848c897ab112dac14d57f8d5ed7ead7c798ce918449210d"
"md","step-02d-progressive-flow","core","core/bmad-brainstorming/steps/step-02d-progressive-flow.md","a6fa765cf7b06b25fbb506986887e10667286b846e46e3d6faec807b90b2c15c"
"md","step-03-technique-execution","core","core/bmad-brainstorming/steps/step-03-technique-execution.md","ec4ec0cffd720f94a42001476159a37b0be355fafb80ef586ef478d79d016f66"
"md","step-04-idea-organization","core","core/bmad-brainstorming/steps/step-04-idea-organization.md","e15a6da4f22be28265369a00f82e0ea89cd821b61fdd68d56f5ff04360352359"
"md","template","core","core/bmad-brainstorming/template.md","016492ff5f6ddcf1d2a80b1891eb3a9f473bd108d753b8fe56ade4265cf0f25f"
"md","workflow","core","core/bmad-brainstorming/workflow.md","6f1dae69e09bad9a1bb9b0a95678e07f407593adb04eb95b1ea82b73a7ecc0f5"
"py","analyze_sources","core","core/bmad-distillator/scripts/analyze_sources.py","7da11adf8715520d2088b4c218578bba16d0222c9934fc601cc2ae0fbc7bcbb9"
"py","list_customizable_skills","core","core/bmad-customize/scripts/list_customizable_skills.py","3b3d389151d41f199279d7226fdf0c00fbdf96f546f6a25842e6f3f357009648"
"py","test_analyze_sources","core","core/bmad-distillator/scripts/tests/test_analyze_sources.py","d51d387dffe410e0b07101fb0e8c381f75cc967a25e08aff52487d67449d719d"
"py","test_list_customizable_skills","core","core/bmad-customize/scripts/tests/test_list_customizable_skills.py","3fe0b071858a7ef80a90e4e0d861008dc915b8f648cd5d271c64982567b88ca5"
"yaml","config","core","core/config.yaml","1b4a4ed695bbb0d8a5ca5fb6eb95294ab1a2077a270054283a4112be03e78838"
"file",".gitignore","custom","custom/.gitignore","973b03a33f142c22cf9b65be285bebadd85790b6b55be04637d2f8c716f58fab"
"py","resolve_config","scripts","scripts/resolve_config.py","0601c816856c74e2d26b9e7f279a45cd9c81f76bd05cd2b05430c3231697ec91"
"py","resolve_customization","scripts","scripts/resolve_customization.py","7f2acdd40aaf450c1b75a8304e80d0f2b83b61573d4528f926b32a04a68c3bd0"
